ensg,transcript_id,rank
ENSG00000000938,NM_005248,1
ENSG00000002016,NM_134424,1
ENSG00000002016,NM_001297420,2
ENSG00000002745,NM_057168,1
ENSG00000002745,NM_016087,2
ENSG00000002822,NM_003550,1
ENSG00000002822,NM_001304524,2
ENSG00000004468,NM_001775,1
ENSG00000004487,NM_001009999,1
ENSG00000004848,NM_139058,1
ENSG00000004975,NM_004422,1
ENSG00000005073,NM_005523,1
ENSG00000005339,NM_004380,1
ENSG00000005471,NM_000443,1
ENSG00000005483,NM_182931,1
ENSG00000005513,NM_014587,1
ENSG00000006062,NM_003954,1
ENSG00000006432,NM_033141,1
ENSG00000006432,NM_001284231,2
ENSG00000006459,NM_030647,1
ENSG00000006468,NM_004956,1
ENSG00000006468,NM_001163152,2
ENSG00000007264,NM_139355,1
ENSG00000007264,NM_002378,2
ENSG00000007312,NM_001039933,1
ENSG00000007372,NM_001604,1
ENSG00000007866,NM_003214,1
ENSG00000008083,NM_004973,1
ENSG00000008441,NM_001271043,1
ENSG00000009709,NM_002584,1
ENSG00000009709,NM_001135254,2
ENSG00000009790,NM_025228,1
ENSG00000009954,NM_032408,1
ENSG00000010030,NM_016135,1
ENSG00000010030,NM_001207035,2
ENSG00000010438,NM_007343,1
ENSG00000010438,NM_001197097,2
ENSG00000010438,NM_001197098,3
ENSG00000010438,NM_002771,4
ENSG00000010671,NM_000061,1
ENSG00000010810,NM_002037,1
ENSG00000010810,NM_153047,2
ENSG00000011405,NM_002645,1
ENSG00000011566,NM_003618,1
ENSG00000012048,NM_007294,1
ENSG00000012048,NM_007300,2
ENSG00000012061,NM_001983,1
ENSG00000012124,NM_001771,1
ENSG00000012779,NM_000698,1
ENSG00000012817,NM_001146705,1
ENSG00000012983,NM_198794,1
ENSG00000013619,NM_001177465,1
ENSG00000013619,NM_005491,2
ENSG00000015171,NM_006624,1
ENSG00000015285,NM_000377,1
ENSG00000015475,NM_197966,1
ENSG00000016402,NM_014432,1
ENSG00000017427,NM_001111283,1
ENSG00000017427,NM_001111284,2
ENSG00000018408,NM_015472,1
ENSG00000019485,NM_001256695,1
ENSG00000019485,NM_001359633,2
ENSG00000019991,NM_000601,1
ENSG00000019991,NM_001010931,2
ENSG00000020181,NM_032777,1
ENSG00000020633,NM_001031680,1
ENSG00000020922,NM_005591,1
ENSG00000023445,NM_001165,1
ENSG00000023839,NM_000392,1
ENSG00000026103,NM_000043,1
ENSG00000026508,NM_000610,1
ENSG00000026751,NM_021181,1
ENSG00000026751,NM_001282594,2
ENSG00000027644,NM_014215,1
ENSG00000028277,NM_001207025,1
ENSG00000028310,NM_023924,1
ENSG00000029725,NM_004703,1
ENSG00000030304,NM_005592,1
ENSG00000030304,NM_001166280,2
ENSG00000030419,NM_016260,1
ENSG00000033327,NM_080491,1
ENSG00000034152,NM_145109,1
ENSG00000036257,NM_003590,1
ENSG00000037280,NM_182925,1
ENSG00000038382,NM_007118,1
ENSG00000039068,NM_004360,1
ENSG00000040199,NM_015020,1
ENSG00000040731,NM_006727,1
ENSG00000041880,NM_001003931,1
ENSG00000043093,NM_020640,1
ENSG00000043591,NM_000684,1
ENSG00000044115,NM_001903,1
ENSG00000044115,NM_001290307,2
ENSG00000044524,NM_005233,1
ENSG00000046604,NM_001943,1
ENSG00000046889,NM_024870,1
ENSG00000047849,NM_002375,1
ENSG00000047849,NM_030885,2
ENSG00000047936,NM_002944,1
ENSG00000048052,NM_178423,1
ENSG00000048052,NM_001204144,2
ENSG00000048462,NM_001192,1
ENSG00000048649,NM_016578,1
ENSG00000049130,NM_000899,1
ENSG00000049249,NM_001561,1
ENSG00000049618,ENST00000346085,1
ENSG00000049618,NM_001363725,2
ENSG00000049768,NM_014009,1
ENSG00000050344,NM_004289,1
ENSG00000050748,NM_139068,1
ENSG00000050748,NM_139070,2
ENSG00000050748,NM_001364611,3
ENSG00000051180,NM_002875,1
ENSG00000051382,NM_006219,1
ENSG00000052344,NM_002773,1
ENSG00000053254,NM_001085471,1
ENSG00000053918,NM_000218,1
ENSG00000053918,ENST00000380776,2
ENSG00000053918,NM_181798,3
ENSG00000054523,NM_015074,1
ENSG00000054523,NM_001365951,2
ENSG00000054523,NM_183416,3
ENSG00000054598,NM_001453,1
ENSG00000055118,NM_000238,1
ENSG00000055118,NM_001204798,2
ENSG00000055609,NM_170606,1
ENSG00000056558,NM_005658,1
ENSG00000056736,NM_018725,1
ENSG00000056972,NM_147686,1
ENSG00000057294,NM_004572,1
ENSG00000057468,NM_002440,1
ENSG00000057657,NM_001198,1
ENSG00000057657,NM_182907,2
ENSG00000058091,NM_001287135,1
ENSG00000058091,NM_012395,2
ENSG00000059377,NM_001166253,1
ENSG00000059377,NM_001166254,2
ENSG00000059377,NM_001366538,3
ENSG00000059728,NM_002357,1
ENSG00000059758,NM_002595,1
ENSG00000059758,NM_001170464,2
ENSG00000060140,NM_018423,1
ENSG00000060237,NM_018979,1
ENSG00000060237,NM_213655,2
ENSG00000061273,NM_015401,1
ENSG00000061455,NM_001136239,1
ENSG00000061492,NM_058244,1
ENSG00000061938,NM_005781,1
ENSG00000061938,NM_001010938,2
ENSG00000061938,NM_001308046,3
ENSG00000062038,NM_001793,1
ENSG00000062524,NM_002344,1
ENSG00000062650,NM_015045,1
ENSG00000062822,NM_002691,1
ENSG00000063244,NM_007279,1
ENSG00000063322,NM_017592,1
ENSG00000064012,NM_001080125,1
ENSG00000064012,NM_001228,2
ENSG00000064205,NM_003881,1
ENSG00000064205,NM_001323369,2
ENSG00000064933,NM_000534,1
ENSG00000065057,NM_002528,1
ENSG00000065361,NM_001982,1
ENSG00000065526,NM_015001,1
ENSG00000065534,NM_053025,1
ENSG00000065559,NM_003010,1
ENSG00000065559,NM_001281435,2
ENSG00000065883,NM_003718,1
ENSG00000066032,NM_001282597,1
ENSG00000066032,NM_001282598,2
ENSG00000066032,NM_001282599,3
ENSG00000066056,NM_005424,1
ENSG00000066117,NM_003076,1
ENSG00000066135,NM_014663,1
ENSG00000066336,NM_001080547,1
ENSG00000066468,NM_000141,1
ENSG00000066468,NM_022970,2
ENSG00000067066,NM_001080391,1
ENSG00000067066,NM_001206704,2
ENSG00000067066,NM_003113,3
ENSG00000067082,NM_001300,1
ENSG00000067369,NM_005657,1
ENSG00000067369,NM_001141980,2
ENSG00000067560,NM_001664,1
ENSG00000067842,NM_001001344,1
ENSG00000067842,NM_021949,2
ENSG00000067900,NM_005406,1
ENSG00000067955,NM_022845,1
ENSG00000068024,NM_006037,1
ENSG00000068078,NM_000142,1
ENSG00000068078,NM_001163213,2
ENSG00000068323,NM_006521,1
ENSG00000069399,NM_005178,1
ENSG00000069812,NM_019089,1
ENSG00000069956,NM_002748,1
ENSG00000070018,NM_002336,1
ENSG00000070061,NM_003640,1
ENSG00000070193,NM_004465,1
ENSG00000070388,NM_020637,1
ENSG00000070495,NM_001081461,1
ENSG00000070778,NM_007039,1
ENSG00000070831,NM_001791,1
ENSG00000070831,NM_044472,2
ENSG00000070886,NM_020526,1
ENSG00000071051,NM_003581,1
ENSG00000071054,NM_145686,1
ENSG00000071054,NM_001242560,2
ENSG00000071205,NM_024605,1
ENSG00000071539,NM_004237,1
ENSG00000071553,NM_001183,1
ENSG00000071564,NM_003200,1
ENSG00000071564,NM_001136139,2
ENSG00000071575,NM_021643,1
ENSG00000071655,NM_001281453,1
ENSG00000071794,NM_003071,1
ENSG00000072062,NM_002730,1
ENSG00000072062,NM_207518,2
ENSG00000072401,NM_003338,1
ENSG00000072501,NM_006306,1
ENSG00000072501,NM_001281463,2
ENSG00000072736,NM_173165,1
ENSG00000072736,NM_004555,2
ENSG00000072736,NM_173163,3
ENSG00000072803,NM_012300,1
ENSG00000072803,NM_033644,2
ENSG00000073282,NM_003722,1
ENSG00000073282,NM_001114979,2
ENSG00000073282,NM_001114982,3
ENSG00000073578,NM_004168,1
ENSG00000073584,NM_003079,1
ENSG00000073584,ENST00000377808,2
ENSG00000073614,NM_001042603,1
ENSG00000073734,NM_003742,1
ENSG00000073756,NM_000963,1
ENSG00000073803,NM_004721,1
ENSG00000073921,NM_007166,1
ENSG00000073921,NM_001008660,2
ENSG00000074047,NM_005270,1
ENSG00000074181,NM_000435,1
ENSG00000074211,NM_181876,1
ENSG00000074211,NM_001206994,2
ENSG00000074211,NM_001206996,3
ENSG00000074211,NM_020416,4
ENSG00000074219,NM_001256659,1
ENSG00000074219,NM_001256660,2
ENSG00000074266,NM_003797,1
ENSG00000074266,NM_001308007,2
ENSG00000074966,NM_003328,1
ENSG00000075290,NM_003393,1
ENSG00000075388,NM_002007,1
ENSG00000075426,NM_005253,1
ENSG00000075891,NM_003990,1
ENSG00000075891,NM_003988,2
ENSG00000076108,NM_013449,1
ENSG00000076242,NM_000249,1
ENSG00000076685,NM_012229,1
ENSG00000076685,NM_001351171,2
ENSG00000076685,NM_001351174,3
ENSG00000076685,NM_001351175,4
ENSG00000076984,NM_145185,1
ENSG00000077092,NM_000965,1
ENSG00000077097,NM_001068,1
ENSG00000077150,NM_001077494,1
ENSG00000077150,NM_001261403,2
ENSG00000077238,NM_000418,1
ENSG00000077238,NM_001257407,2
ENSG00000077264,NM_002578,1
ENSG00000077264,NM_001128168,2
ENSG00000077264,NM_001128172,3
ENSG00000077684,NM_199320,1
ENSG00000077782,NM_023110,1
ENSG00000077782,NM_001174067,2
ENSG00000077935,NM_148674,1
ENSG00000078061,NM_001654,1
ENSG00000078142,NM_002647,1
ENSG00000078399,NM_152739,1
ENSG00000078403,NM_004641,1
ENSG00000078403,NM_001195626,2
ENSG00000078403,NM_001195628,3
ENSG00000078403,NM_001324297,4
ENSG00000078579,NM_019851,1
ENSG00000078699,NM_001032999,1
ENSG00000078699,NM_005093,2
ENSG00000078967,NM_015983,1
ENSG00000079102,NM_004349,1
ENSG00000079102,NM_001198679,2
ENSG00000079102,NM_001198627,3
ENSG00000079102,NM_001198633,4
ENSG00000079263,NM_007237,1
ENSG00000079263,NM_001005176,2
ENSG00000079335,NM_003672,1
ENSG00000079432,NM_015125,1
ENSG00000079805,NM_001005360,1
ENSG00000079805,NM_001005362,2
ENSG00000079999,NM_203500,1
ENSG00000080224,NM_001080448,1
ENSG00000080224,NM_001278300,2
ENSG00000080224,NM_001278301,3
ENSG00000080503,NM_003070,1
ENSG00000080503,NM_001289400,2
ENSG00000080815,NM_000021,1
ENSG00000080824,NM_001017963,1
ENSG00000081059,NM_003202,1
ENSG00000081059,NM_001134851,2
ENSG00000081059,NM_001346425,3
ENSG00000081059,NM_201634,4
ENSG00000081138,NM_033646,1
ENSG00000081237,NM_002838,1
ENSG00000081237,NM_001267798,2
ENSG00000081692,NM_023007,1
ENSG00000081913,NM_194449,1
ENSG00000081985,NM_001559,1
ENSG00000082014,NM_003078,1
ENSG00000082014,NM_001003801,2
ENSG00000082175,NM_000926,1
ENSG00000082701,NM_002093,1
ENSG00000082898,NM_003400,1
ENSG00000083093,NM_024675,1
ENSG00000083168,NM_006766,1
ENSG00000083520,NM_014953,1
ENSG00000083520,NM_001128226,2
ENSG00000083642,NM_015032,1
ENSG00000083799,NM_015247,1
ENSG00000083857,NM_005245,1
ENSG00000084093,NM_005612,1
ENSG00000084453,NM_021094,1
ENSG00000084453,ENST00000544020,2
ENSG00000084453,NM_134431,3
ENSG00000084674,NM_000384,1
ENSG00000084676,NM_003743,1
ENSG00000084676,NM_147223,2
ENSG00000085185,NM_021946,1
ENSG00000085185,NM_001184772,2
ENSG00000085224,NM_000489,1
ENSG00000085276,NM_001105077,1
ENSG00000085276,NM_004991,2
ENSG00000085511,NM_005922,1
ENSG00000085511,NM_001291958,2
ENSG00000085563,NM_000927,1
ENSG00000085741,NM_004626,1
ENSG00000085999,NM_003579,1
ENSG00000086015,NM_015112,1
ENSG00000086015,NM_001324320,2
ENSG00000086015,NM_001324321,3
ENSG00000086205,NM_004476,1
ENSG00000086205,NM_001193471,2
ENSG00000086570,NM_001447,1
ENSG00000087088,NM_004324,1
ENSG00000087088,NM_001291428,2
ENSG00000087460,NM_080425,1
ENSG00000087460,NM_000516,2
ENSG00000087460,NM_016592,3
ENSG00000087586,NM_198433,1
ENSG00000088038,NM_014516,1
ENSG00000088247,NM_003685,1
ENSG00000088256,NM_002067,1
ENSG00000088305,NM_006892,1
ENSG00000089094,NM_032590,1
ENSG00000089094,NM_001005366,2
ENSG00000089280,NM_004960,1
ENSG00000089685,NM_001012271,1
ENSG00000089685,NM_001012270,2
ENSG00000090534,NM_000460,1
ENSG00000090554,NM_001204502,1
ENSG00000090554,NM_001204503,2
ENSG00000091138,NM_000111,1
ENSG00000091181,NM_000564,1
ENSG00000091181,NM_175725,2
ENSG00000091483,NM_000143,1
ENSG00000091592,NM_033004,1
ENSG00000091592,NM_001033053,2
ENSG00000091831,NM_000125,1
ENSG00000092054,NM_000257,1
ENSG00000092067,NM_001805,1
ENSG00000092330,NM_001099274,1
ENSG00000092445,NM_006293,1
ENSG00000092969,NM_001135599,1
ENSG00000093010,NM_000754,1
ENSG00000093010,NM_001135161,2
ENSG00000093010,NM_001135162,3
ENSG00000094631,NM_006044,1
ENSG00000094804,NM_001254,1
ENSG00000094916,NM_012117,1
ENSG00000095002,NM_000251,1
ENSG00000095015,NM_005921,1
ENSG00000095303,NM_000962,1
ENSG00000095303,NM_001271368,2
ENSG00000095585,NM_013314,1
ENSG00000095794,NM_181571,1
ENSG00000095794,NM_001267570,2
ENSG00000095794,NM_001267565,3
ENSG00000095794,NM_182718,4
ENSG00000095794,NM_182769,5
ENSG00000096060,NM_004117,1
ENSG00000096060,NM_001145777,2
ENSG00000096070,NM_015695,1
ENSG00000096384,NM_001271970,1
ENSG00000096384,NM_001271969,2
ENSG00000096696,NM_004415,1
ENSG00000096968,NM_004972,1
ENSG00000096996,NM_005535,1
ENSG00000097007,NM_005157,1
ENSG00000097007,NM_007313,2
ENSG00000099381,NM_014712,1
ENSG00000099810,NM_002451,1
ENSG00000099942,NM_005207,1
ENSG00000099949,NM_006767,1
ENSG00000099953,NM_005940,1
ENSG00000099954,NM_001290047,1
ENSG00000099956,NM_003073,1
ENSG00000099956,NM_001317946,2
ENSG00000099995,NM_005877,1
ENSG00000100030,NM_138957,1
ENSG00000100065,NM_014550,1
ENSG00000100105,NM_014323,1
ENSG00000100105,NM_032051,2
ENSG00000100146,NM_006941,1
ENSG00000100197,NM_000106,1
ENSG00000100219,NM_001079539,1
ENSG00000100219,NM_005080,2
ENSG00000100307,NM_175709,1
ENSG00000100311,NM_002608,1
ENSG00000100311,NM_033016,2
ENSG00000100368,NM_000395,1
ENSG00000100385,NM_000878,1
ENSG00000100393,NM_001429,1
ENSG00000100403,NM_017590,1
ENSG00000100425,NM_001304808,1
ENSG00000100425,NM_001349940,2
ENSG00000100429,NM_032019,1
ENSG00000100462,NM_001039619,1
ENSG00000100485,NM_006939,1
ENSG00000100526,NM_005192,1
ENSG00000100526,NM_001330173,2
ENSG00000100644,NM_001530,1
ENSG00000100644,NM_001243084,2
ENSG00000100697,NM_177438,1
ENSG00000100721,NM_021966,1
ENSG00000100811,NM_003403,1
ENSG00000100823,NM_001641,1
ENSG00000100906,NM_020529,1
ENSG00000100918,NM_001048205,1
ENSG00000100968,NM_001136022,1
ENSG00000100968,NM_001198967,2
ENSG00000100968,NM_004554,3
ENSG00000101017,NM_001250,1
ENSG00000101040,NM_183047,1
ENSG00000101057,NM_002466,1
ENSG00000101096,NM_173091,1
ENSG00000101096,NM_001258296,2
ENSG00000101109,NM_006282,1
ENSG00000101109,NM_001352385,2
ENSG00000101161,NM_012469,1
ENSG00000101213,NM_005975,1
ENSG00000101224,NM_021873,1
ENSG00000101246,NM_003224,1
ENSG00000101246,NM_001267548,2
ENSG00000101255,NM_001301201,1
ENSG00000101333,NM_001172646,1
ENSG00000101336,NM_001172129,1
ENSG00000101349,NM_020341,1
ENSG00000101412,NM_005225,1
ENSG00000101542,NM_031891,1
ENSG00000101596,NM_015295,1
ENSG00000101665,NM_005904,1
ENSG00000101665,NM_001190822,2
ENSG00000101849,NM_005647,1
ENSG00000101871,NM_000381,1
ENSG00000101871,NM_001193278,2
ENSG00000101916,NM_138636,1
ENSG00000101916,NM_016610,2
ENSG00000101945,NM_003173,1
ENSG00000101945,NM_001282166,2
ENSG00000101966,NM_001167,1
ENSG00000101972,NM_001042749,1
ENSG00000102010,NM_203281,1
ENSG00000102034,NM_001421,1
ENSG00000102038,NM_003069,1
ENSG00000102096,NM_006875,1
ENSG00000102145,NM_002049,1
ENSG00000102225,NM_033018,1
ENSG00000102225,NM_001170460,2
ENSG00000102243,NM_016267,1
ENSG00000102245,NM_000074,1
ENSG00000102349,NM_007250,1
ENSG00000102393,NM_000169,1
ENSG00000102466,NM_175929,1
ENSG00000102466,NM_001321941,2
ENSG00000102466,NM_001321944,3
ENSG00000102466,NM_004115,4
ENSG00000102468,NM_000621,1
ENSG00000102554,NM_001730,1
ENSG00000102678,NM_002010,1
ENSG00000102699,NM_006437,1
ENSG00000102755,NM_002019,1
ENSG00000102755,NM_001160030,2
ENSG00000102882,NM_002746,1
ENSG00000102882,NM_001040056,2
ENSG00000102900,NM_014669,1
ENSG00000102935,NM_015069,1
ENSG00000102974,NM_006565,1
ENSG00000102977,NM_001082486,1
ENSG00000103005,NM_024598,1
ENSG00000103005,NM_001204911,2
ENSG00000103005,NM_001330569,3
ENSG00000103037,NM_001160305,1
ENSG00000103126,NM_003502,1
ENSG00000103152,NM_002434,1
ENSG00000103152,NM_001015052,2
ENSG00000103197,NM_000548,1
ENSG00000103222,NM_004996,1
ENSG00000103495,NM_001042539,1
ENSG00000103495,NM_002383,2
ENSG00000103510,NM_032188,1
ENSG00000103510,NM_182958,2
ENSG00000103522,NM_021798,1
ENSG00000103522,NM_181079,2
ENSG00000103549,NM_014771,1
ENSG00000103653,NM_004383,1
ENSG00000103855,NM_001024736,1
ENSG00000104312,NM_003821,1
ENSG00000104320,NM_002485,1
ENSG00000104332,NM_003012,1
ENSG00000104365,NM_001556,1
ENSG00000104375,NM_006281,1
ENSG00000104415,NM_003882,1
ENSG00000104419,NM_001135242,1
ENSG00000104447,NM_014112,1
ENSG00000104517,NM_015902,1
ENSG00000104814,NM_007181,1
ENSG00000104825,NM_002503,1
ENSG00000104856,NM_006509,1
ENSG00000104884,NM_000400,1
ENSG00000104885,NM_032482,1
ENSG00000104903,NM_005583,1
ENSG00000105146,NM_001015878,1
ENSG00000105173,NM_001238,1
ENSG00000105221,NM_001626,1
ENSG00000105245,NM_004756,1
ENSG00000105325,NM_016263,1
ENSG00000105327,NM_001127240,1
ENSG00000105329,NM_000660,1
ENSG00000105369,NM_001783,1
ENSG00000105383,NM_001772,1
ENSG00000105383,NM_001177608,2
ENSG00000105397,NM_003331,1
ENSG00000105483,NM_001184900,1
ENSG00000105550,NM_019113,1
ENSG00000105568,NM_014225,1
ENSG00000105613,NM_014975,1
ENSG00000105639,NM_000215,1
ENSG00000105647,NM_005027,1
ENSG00000105662,NM_001098482,1
ENSG00000105672,NM_014209,1
ENSG00000105717,NM_025245,1
ENSG00000105722,NM_006494,1
ENSG00000105723,NM_019884,1
ENSG00000105784,NM_138290,1
ENSG00000105810,NM_001259,1
ENSG00000105851,NM_002649,1
ENSG00000105967,NM_012252,1
ENSG00000105976,NM_001127500,1
ENSG00000105989,NM_003391,1
ENSG00000105997,NM_030661,1
ENSG00000106031,NM_000522,1
ENSG00000106070,NM_001001549,1
ENSG00000106070,NM_001001550,2
ENSG00000106123,NM_004445,1
ENSG00000106258,NM_000777,1
ENSG00000106299,NM_003941,1
ENSG00000106331,NM_001366110,1
ENSG00000106331,NM_001366111,2
ENSG00000106415,NM_138426,1
ENSG00000106462,NM_004456,1
ENSG00000106536,NM_007252,1
ENSG00000106546,NM_001621,1
ENSG00000106571,NM_000168,1
ENSG00000106615,NM_005614,1
ENSG00000106617,NM_016203,1
ENSG00000106617,NM_001040633,2
ENSG00000106799,NM_004612,1
ENSG00000107077,NM_015061,1
ENSG00000107077,NM_001146696,2
ENSG00000107077,NM_001353997,3
ENSG00000107249,NM_001042413,1
ENSG00000107338,NM_003028,1
ENSG00000107404,NM_004421,1
ENSG00000107485,NM_001002295,1
ENSG00000107643,NM_139049,1
ENSG00000107643,NM_139046,2
ENSG00000107779,NM_004329,1
ENSG00000107796,NM_001141945,1
ENSG00000107807,NM_005521,1
ENSG00000107831,NM_033163,1
ENSG00000107854,NM_025235,1
ENSG00000107882,NM_016169,1
ENSG00000107937,NM_012341,1
ENSG00000107968,NM_005204,1
ENSG00000108055,NM_005445,1
ENSG00000108061,NM_007373,1
ENSG00000108091,NM_005436,1
ENSG00000108239,NM_015188,1
ENSG00000108375,NM_017763,1
ENSG00000108379,NM_030753,1
ENSG00000108384,NM_058216,1
ENSG00000108443,NM_003161,1
ENSG00000108468,NM_006807,1
ENSG00000108576,NM_001045,1
ENSG00000108604,NM_001098426,1
ENSG00000108604,NM_001330440,2
ENSG00000108654,NM_004396,1
ENSG00000108773,NM_021078,1
ENSG00000108799,NM_001991,1
ENSG00000108840,NM_005474,1
ENSG00000108854,NM_022739,1
ENSG00000108924,NM_002126,1
ENSG00000108946,NM_212472,1
ENSG00000108953,NM_006761,1
ENSG00000108984,NM_002758,1
ENSG00000109132,NM_003924,1
ENSG00000109163,NM_000406,1
ENSG00000109220,NM_012110,1
ENSG00000109320,NM_003998,1
ENSG00000109321,NM_001657,1
ENSG00000109332,NM_003340,1
ENSG00000109332,NM_181892,2
ENSG00000109339,NM_138982,1
ENSG00000109339,NM_001363657,2
ENSG00000109381,NM_006874,1
ENSG00000109381,NM_201999,2
ENSG00000109452,NM_003866,1
ENSG00000109458,NM_207123,1
ENSG00000109670,NM_033632,1
ENSG00000109670,NM_001013415,2
ENSG00000109670,NM_018315,3
ENSG00000109685,NM_133330,1
ENSG00000109685,NM_133334,2
ENSG00000109705,NM_001189,1
ENSG00000109906,NM_006006,1
ENSG00000110066,NM_017635,1
ENSG00000110066,NM_001363566,2
ENSG00000110092,NM_053056,1
ENSG00000110324,NM_001558,1
ENSG00000110330,NM_001166,1
ENSG00000110344,NM_004788,1
ENSG00000110367,NM_004397,1
ENSG00000110395,NM_005188,1
ENSG00000110711,NM_003977,1
ENSG00000110713,NM_016320,1
ENSG00000110713,NM_005387,2
ENSG00000110713,NM_001365125,3
ENSG00000110777,NM_006235,1
ENSG00000110844,NM_001031698,1
ENSG00000110851,NM_012406,1
ENSG00000110888,NM_001002259,1
ENSG00000110888,ENST00000433722,2
ENSG00000110987,NM_020993,1
ENSG00000111087,NM_005269,1
ENSG00000111145,NM_005230,1
ENSG00000111186,NM_030775,1
ENSG00000111206,NM_202002,1
ENSG00000111218,NM_019854,1
ENSG00000111218,NM_001256536,2
ENSG00000111241,NM_020996,1
ENSG00000111245,NM_000432,1
ENSG00000111247,NM_001130862,1
ENSG00000111252,NM_005475,1
ENSG00000111276,NM_004064,1
ENSG00000111424,NM_001017536,1
ENSG00000111424,NM_001017535,2
ENSG00000111642,NM_001273,1
ENSG00000111653,NM_001127583,1
ENSG00000111679,NM_080548,1
ENSG00000111679,NM_080549,2
ENSG00000111700,NM_019844,1
ENSG00000111816,NM_002031,1
ENSG00000111837,NM_001242957,1
ENSG00000112033,NM_001171818,1
ENSG00000112039,NM_021922,1
ENSG00000112062,NM_001315,1
ENSG00000112062,NM_139012,2
ENSG00000112144,NM_016513,1
ENSG00000112182,NM_021813,1
ENSG00000112210,NM_016277,1
ENSG00000112238,NM_021620,1
ENSG00000112242,NM_001949,1
ENSG00000112242,NM_001243076,2
ENSG00000112378,NM_022121,1
ENSG00000112499,NM_003058,1
ENSG00000112511,NM_024165,1
ENSG00000112531,NM_006775,1
ENSG00000112531,NM_206853,2
ENSG00000112531,NM_206854,3
ENSG00000112531,NM_206855,4
ENSG00000112561,NM_007162,1
ENSG00000112576,NM_001760,1
ENSG00000112592,NM_003194,1
ENSG00000112655,NM_002821,1
ENSG00000112679,NM_001286555,1
ENSG00000112679,NM_020185,2
ENSG00000112715,NM_001025366,1
ENSG00000112761,NM_198239,1
ENSG00000112837,NM_001080508,1
ENSG00000112964,NM_000163,1
ENSG00000112983,NM_139199,1
ENSG00000112983,NM_006696,2
ENSG00000113070,NM_001945,1
ENSG00000113161,NM_000859,1
ENSG00000113263,NM_005546,1
ENSG00000113318,NM_002439,1
ENSG00000113360,NM_013235,1
ENSG00000113494,NM_000949,1
ENSG00000113494,NM_001204316,2
ENSG00000113522,NM_005732,1
ENSG00000113578,NM_000800,1
ENSG00000113580,NM_000176,1
ENSG00000113580,NM_001018077,2
ENSG00000113594,NM_001127671,1
ENSG00000113658,NM_001001419,1
ENSG00000113712,NM_001025105,1
ENSG00000113721,NM_002609,1
ENSG00000113722,NM_001804,1
ENSG00000113810,NM_001002800,1
ENSG00000113851,NM_016302,1
ENSG00000113916,NM_001706,1
ENSG00000114013,NM_175862,1
ENSG00000114166,NM_003884,1
ENSG00000114251,NM_003392,1
ENSG00000114279,NM_021032,1
ENSG00000114279,NM_004113,2
ENSG00000114315,NM_005524,1
ENSG00000114354,NM_006070,1
ENSG00000114374,NM_004654,1
ENSG00000114423,NM_170662,1
ENSG00000114670,NM_024800,1
ENSG00000114670,NM_145910,2
ENSG00000114739,NM_001106,1
ENSG00000114861,NM_032682,1
ENSG00000114861,NM_001244810,2
ENSG00000114904,NM_003157,1
ENSG00000114978,NM_018221,1
ENSG00000114978,NM_001317111,2
ENSG00000115085,NM_001079,1
ENSG00000115170,NM_001105,1
ENSG00000115297,NM_016170,1
ENSG00000115392,NM_001114636,1
ENSG00000115415,NM_007315,1
ENSG00000115486,NM_000821,1
ENSG00000115524,NM_012433,1
ENSG00000115548,NM_018433,1
ENSG00000115590,NM_004633,1
ENSG00000115593,NM_198274,1
ENSG00000115594,NM_000877,1
ENSG00000115596,NM_006522,1
ENSG00000115604,NM_003855,1
ENSG00000115607,NM_003853,1
ENSG00000115738,NM_002166,1
ENSG00000115816,NM_005760,1
ENSG00000115904,NM_005633,1
ENSG00000115970,NM_022065,1
ENSG00000116016,NM_001430,1
ENSG00000116044,NM_006164,1
ENSG00000116044,NM_001145413,2
ENSG00000116062,NM_000179,1
ENSG00000116106,NM_004438,1
ENSG00000116128,NM_004326,1
ENSG00000116132,NM_022716,1
ENSG00000116132,NM_006902,2
ENSG00000116251,NM_000983,1
ENSG00000116254,NM_015557,1
ENSG00000116478,NM_004964,1
ENSG00000116539,NM_018489,1
ENSG00000116560,NM_005066,1
ENSG00000116670,NM_001127325,1
ENSG00000116678,NM_002303,1
ENSG00000116678,NM_001003679,2
ENSG00000116678,NM_001003680,3
ENSG00000116731,NM_012231,1
ENSG00000116731,NM_001135610,2
ENSG00000116731,NM_015866,3
ENSG00000116815,NM_001779,1
ENSG00000116954,NM_022157,1
ENSG00000116990,NM_001033081,1
ENSG00000116990,NM_001033082,2
ENSG00000117020,NM_005465,1
ENSG00000117020,NM_181690,2
ENSG00000117036,NM_001145312,1
ENSG00000117114,NM_001297705,1
ENSG00000117114,NM_001297704,2
ENSG00000117114,NM_001366006,3
ENSG00000117114,NM_001366007,4
ENSG00000117118,NM_003000,1
ENSG00000117139,NM_006618,1
ENSG00000117266,NM_212503,1
ENSG00000117318,NM_002167,1
ENSG00000117362,NM_001077628,1
ENSG00000117362,NM_016022,2
ENSG00000117399,NM_001255,1
ENSG00000117400,NM_005373,1
ENSG00000117407,NM_057090,1
ENSG00000117425,NM_003738,1
ENSG00000117461,NM_003629,1
ENSG00000117461,NM_001303428,2
ENSG00000117560,NM_000639,1
ENSG00000117595,NM_006147,1
ENSG00000117650,NM_002497,1
ENSG00000117650,NM_001204183,2
ENSG00000117713,NM_006015,1
ENSG00000117984,NM_001909,1
ENSG00000118007,NM_005862,1
ENSG00000118046,NM_000455,1
ENSG00000118058,NM_001197104,1
ENSG00000118137,NM_000039,1
ENSG00000118194,NM_001276345,1
ENSG00000118260,NM_134442,1
ENSG00000118495,NM_001080952,1
ENSG00000118503,NM_006290,1
ENSG00000118513,NM_001130173,1
ENSG00000118515,NM_005627,1
ENSG00000118515,NM_001143678,2
ENSG00000118523,NM_001901,1
ENSG00000118689,NM_001455,1
ENSG00000118777,NM_004827,1
ENSG00000118922,NM_007249,1
ENSG00000118971,NM_001759,1
ENSG00000118972,NM_020638,1
ENSG00000119335,NM_001122821,1
ENSG00000119335,NM_001248000,2
ENSG00000119335,NM_001248001,3
ENSG00000119335,NM_003011,4
ENSG00000119408,NM_001145001,1
ENSG00000119408,NM_001166167,2
ENSG00000119408,NM_001166169,3
ENSG00000119414,NM_001123355,1
ENSG00000119508,NM_173200,1
ENSG00000119508,NM_173199,2
ENSG00000119514,NM_024642,1
ENSG00000119535,NM_000760,1
ENSG00000119535,NM_156039,2
ENSG00000119535,NM_172313,3
ENSG00000119537,NM_002035,1
ENSG00000119630,NM_002632,1
ENSG00000119638,NM_033116,1
ENSG00000119684,NM_001040108,1
ENSG00000119772,NM_175629,1
ENSG00000119772,NM_153759,2
ENSG00000119778,NM_017552,1
ENSG00000119778,NM_001354107,2
ENSG00000119866,NM_022893,1
ENSG00000119888,NM_002354,1
ENSG00000119919,NM_145285,1
ENSG00000119969,NM_018063,1
ENSG00000120053,NM_002079,1
ENSG00000120063,NM_006572,1
ENSG00000120088,NM_001145146,1
ENSG00000120093,NM_002146,1
ENSG00000120156,NM_000459,1
ENSG00000120217,NM_014143,1
ENSG00000120457,NM_000890,1
ENSG00000120690,NM_172373,1
ENSG00000120693,NM_001127217,1
ENSG00000120733,NM_016604,1
ENSG00000120738,NM_001964,1
ENSG00000120899,NM_173174,1
ENSG00000120937,NM_002521,1
ENSG00000120949,NM_001243,1
ENSG00000121067,NM_001007226,1
ENSG00000121068,NM_005994,1
ENSG00000121297,NM_020856,1
ENSG00000121594,NM_005191,1
ENSG00000121741,NM_003453,1
ENSG00000121741,NM_001353165,2
ENSG00000121864,NM_016331,1
ENSG00000121879,NM_006218,1
ENSG00000121892,NM_001100399,1
ENSG00000121966,NM_001348056,1
ENSG00000121966,NM_001008540,2
ENSG00000121989,NM_001278579,1
ENSG00000122025,NM_004119,1
ENSG00000122145,NM_001109878,1
ENSG00000122406,NM_000969,1
ENSG00000122512,NM_000535,1
ENSG00000122565,NM_016587,1
ENSG00000122641,NM_002192,1
ENSG00000122642,NM_007270,1
ENSG00000122642,NM_001284341,2
ENSG00000122642,NM_001284343,3
ENSG00000122691,NM_000474,1
ENSG00000122728,NM_153809,1
ENSG00000122756,NM_001842,1
ENSG00000122779,NM_015905,1
ENSG00000122877,NM_000399,1
ENSG00000122877,NM_001136178,2
ENSG00000123080,NM_001262,1
ENSG00000123268,NM_005171,1
ENSG00000123358,NM_002135,1
ENSG00000123364,NM_017410,1
ENSG00000123374,NM_001798,1
ENSG00000123388,NM_014212,1
ENSG00000123454,NM_000787,1
ENSG00000123636,NM_013450,1
ENSG00000123975,NM_001827,1
ENSG00000124092,NM_080618,1
ENSG00000124092,NM_001269045,2
ENSG00000124151,NM_181659,1
ENSG00000124177,NM_032221,1
ENSG00000124181,NM_002660,1
ENSG00000124212,NM_000961,1
ENSG00000124334,NM_002186,1
ENSG00000124334,NM_176786,2
ENSG00000124486,NM_001039590,1
ENSG00000124575,NM_005320,1
ENSG00000124664,NM_012391,1
ENSG00000124762,NM_001220778,1
ENSG00000124766,NM_003107,1
ENSG00000124788,NM_000332,1
ENSG00000124795,NM_003472,1
ENSG00000124813,NM_001024630,1
ENSG00000124882,NM_001432,1
ENSG00000125084,NM_005430,1
ENSG00000125285,NM_007084,1
ENSG00000125388,NM_182982,1
ENSG00000125398,NM_000346,1
ENSG00000125508,NM_080823,1
ENSG00000125618,NM_003466,1
ENSG00000125650,NM_004158,1
ENSG00000125726,NM_001252,1
ENSG00000125740,NM_006732,1
ENSG00000125798,NM_021784,1
ENSG00000125813,NM_006192,1
ENSG00000125816,NM_033176,1
ENSG00000125820,NM_002509,1
ENSG00000125861,NM_145762,1
ENSG00000125885,NM_032485,1
ENSG00000125952,NM_002382,1
ENSG00000125952,NM_001271068,2
ENSG00000125952,NM_145113,3
ENSG00000125968,NM_002165,1
ENSG00000125968,NM_181353,2
ENSG00000126003,NM_002657,1
ENSG00000126012,NM_004187,1
ENSG00000126012,NM_001146702,2
ENSG00000126457,NM_001536,1
ENSG00000126524,NM_016038,1
ENSG00000126561,NM_003152,1
ENSG00000126562,NM_032387,1
ENSG00000126603,NM_032575,1
ENSG00000126733,NM_053281,1
ENSG00000126733,NM_001139514,2
ENSG00000126746,NM_001135734,1
ENSG00000126752,NM_005635,1
ENSG00000126767,NM_001114123,1
ENSG00000126778,NM_005982,1
ENSG00000126856,NM_001098173,1
ENSG00000126858,NM_001033568,1
ENSG00000126883,NM_005085,1
ENSG00000126883,NM_001318325,2
ENSG00000126934,NM_030662,1
ENSG00000127152,NM_138576,1
ENSG00000127191,NM_021138,1
ENSG00000127329,NM_001109754,1
ENSG00000127329,NM_001206972,2
ENSG00000127334,NM_006482,1
ENSG00000127337,NM_006530,1
ENSG00000127616,NM_001128849,1
ENSG00000127663,NM_015015,1
ENSG00000127663,ENST00000536461,2
ENSG00000127914,NM_005751,1
ENSG00000127922,NM_006304,1
ENSG00000127948,NM_000941,1
ENSG00000128052,NM_002253,1
ENSG00000128191,NM_022720,1
ENSG00000128245,NM_003405,1
ENSG00000128340,NM_002872,1
ENSG00000128383,NM_145699,1
ENSG00000128513,NM_015450,1
ENSG00000128573,NM_148898,1
ENSG00000128602,NM_005631,1
ENSG00000128604,NM_001098629,1
ENSG00000128652,NM_006898,1
ENSG00000128710,NM_002148,1
ENSG00000128713,NM_021192,1
ENSG00000128714,NM_000523,1
ENSG00000128944,NM_033286,1
ENSG00000128944,NM_001142761,2
ENSG00000129071,NM_003925,1
ENSG00000129071,NM_001276271,2
ENSG00000129116,NM_001166108,1
ENSG00000129116,NM_001166109,2
ENSG00000129116,NM_001166110,3
ENSG00000129152,NM_002478,1
ENSG00000129204,NM_004505,1
ENSG00000129465,NM_006871,1
ENSG00000129473,NM_004050,1
ENSG00000129474,NM_032876,1
ENSG00000129484,NM_005484,1
ENSG00000129514,NM_004496,1
ENSG00000129682,NM_004114,1
ENSG00000129682,NM_001139498,2
ENSG00000129682,NM_001139501,3
ENSG00000129682,NM_033642,4
ENSG00000129691,NM_004674,1
ENSG00000129757,NM_000076,1
ENSG00000129757,NM_001362475,2
ENSG00000129810,NM_001199252,1
ENSG00000129933,NM_015329,1
ENSG00000129946,NM_012435,1
ENSG00000129991,NM_000363,1
ENSG00000129993,NM_005187,1
ENSG00000130164,NM_000527,1
ENSG00000130382,NM_005934,1
ENSG00000130429,NM_005720,1
ENSG00000130522,NM_005354,1
ENSG00000130600,NR_002196,1
ENSG00000130669,NM_001014831,1
ENSG00000130675,NM_005515,1
ENSG00000130675,NM_001165255,2
ENSG00000130700,NM_080473,1
ENSG00000130711,NM_021619,1
ENSG00000130726,NM_005762,1
ENSG00000130758,NM_002446,1
ENSG00000130779,NM_001247997,1
ENSG00000130816,NM_001130823,1
ENSG00000130826,NM_001363,1
ENSG00000131023,NM_004690,1
ENSG00000131023,NM_001350339,2
ENSG00000131196,NM_001278669,1
ENSG00000131196,NM_172387,2
ENSG00000131323,NM_145725,1
ENSG00000131504,NM_005219,1
ENSG00000131504,NM_001314007,2
ENSG00000131508,NM_003339,1
ENSG00000131626,NM_003626,1
ENSG00000131653,NM_032271,1
ENSG00000131724,NM_001560,1
ENSG00000131747,NM_001067,1
ENSG00000131748,NM_006804,1
ENSG00000131759,NM_000964,1
ENSG00000131759,NM_001024809,2
ENSG00000131778,NM_004284,1
ENSG00000132155,NM_002880,1
ENSG00000132170,NM_015869,1
ENSG00000132357,NM_032587,1
ENSG00000132383,NM_002945,1
ENSG00000132475,NM_005324,1
ENSG00000132510,NM_001080424,1
ENSG00000132522,NM_004489,1
ENSG00000132600,NM_019023,1
ENSG00000132671,NM_001052,1
ENSG00000132698,NM_020387,1
ENSG00000132781,NM_001128425,1
ENSG00000132964,NM_001260,1
ENSG00000133056,NM_002646,1
ENSG00000133067,NM_001017403,1
ENSG00000133067,NM_001017404,2
ENSG00000133067,NM_021636,3
ENSG00000133124,NM_003604,1
ENSG00000133216,NM_004442,1
ENSG00000133247,NM_032701,1
ENSG00000133392,NM_001040113,1
ENSG00000133392,NM_002474,2
ENSG00000133639,NM_001731,1
ENSG00000133703,NM_004985,1
ENSG00000133703,NM_033360,2
ENSG00000133740,NM_001951,1
ENSG00000133895,NM_000244,1
ENSG00000133961,NM_001005743,1
ENSG00000134014,NM_018091,1
ENSG00000134058,NM_001799,1
ENSG00000134058,NM_001324069,2
ENSG00000134086,NM_000551,1
ENSG00000134215,NM_006113,1
ENSG00000134242,NM_015967,1
ENSG00000134245,NM_024494,1
ENSG00000134245,NM_004185,2
ENSG00000134250,NM_024408,1
ENSG00000134258,NM_024626,1
ENSG00000134259,NM_002506,1
ENSG00000134308,NM_006826,1
ENSG00000134318,NM_004850,1
ENSG00000134323,NM_005378,1
ENSG00000134323,NM_001293231,2
ENSG00000134352,NM_002184,1
ENSG00000134352,NM_001364277,2
ENSG00000134371,NM_024529,1
ENSG00000134460,NM_000417,1
ENSG00000134470,NM_001256765,1
ENSG00000134516,NM_004946,1
ENSG00000134538,NM_006446,1
ENSG00000134571,NM_000256,1
ENSG00000134574,NM_000107,1
ENSG00000134595,NM_005634,1
ENSG00000134716,NM_000775,1
ENSG00000134755,NM_004949,1
ENSG00000134853,NM_006206,1
ENSG00000134899,NM_000123,1
ENSG00000134954,NM_001143820,1
ENSG00000134954,NM_005238,2
ENSG00000134982,NM_000038,1
ENSG00000134982,NM_001127511,2
ENSG00000135047,NM_001912,1
ENSG00000135090,NM_016281,1
ENSG00000135100,NM_000545,1
ENSG00000135111,NM_016569,1
ENSG00000135298,NM_001704,1
ENSG00000135333,NM_004440,1
ENSG00000135341,NM_145331,1
ENSG00000135363,NM_005574,1
ENSG00000135373,NM_001206616,1
ENSG00000135374,NM_198381,1
ENSG00000135446,NM_000075,1
ENSG00000135476,NM_012291,1
ENSG00000135503,NM_020328,1
ENSG00000135547,NM_012259,1
ENSG00000135605,NM_003215,1
ENSG00000135632,NM_006062,1
ENSG00000135679,NM_002392,1
ENSG00000135899,NM_080424,1
ENSG00000135899,NM_001185015,2
ENSG00000135903,NM_181459,1
ENSG00000135903,NM_000438,2
ENSG00000135903,NM_013942,3
ENSG00000135903,NM_181457,4
ENSG00000135903,NM_181460,5
ENSG00000135903,NM_181461,6
ENSG00000135925,NM_025216,1
ENSG00000135956,NM_017849,1
ENSG00000136098,NM_002498,1
ENSG00000136153,NM_005358,1
ENSG00000136153,NM_015842,2
ENSG00000136153,NM_001306080,3
ENSG00000136158,NM_005842,1
ENSG00000136159,NM_018283,1
ENSG00000136169,NM_031915,1
ENSG00000136238,NM_018890,1
ENSG00000136327,NM_014360,1
ENSG00000136352,NM_001079668,1
ENSG00000136352,NM_003317,2
ENSG00000136492,NM_032043,1
ENSG00000136504,NM_007067,1
ENSG00000136573,NM_001715,1
ENSG00000136574,NM_002052,1
ENSG00000136603,NM_005414,1
ENSG00000136754,NM_005470,1
ENSG00000136807,NM_001261,1
ENSG00000136824,NM_001042550,1
ENSG00000136826,NM_004235,1
ENSG00000136869,NM_003266,1
ENSG00000136869,NM_138554,2
ENSG00000136936,NM_000380,1
ENSG00000136997,NM_002467,1
ENSG00000136999,NM_002514,1
ENSG00000137070,NM_001142784,1
ENSG00000137166,NM_001012426,1
ENSG00000137193,NM_002648,1
ENSG00000137193,NM_001243186,2
ENSG00000137218,NM_006653,1
ENSG00000137265,NM_002460,1
ENSG00000137275,NM_003804,1
ENSG00000137309,NM_145899,1
ENSG00000137364,NM_000367,1
ENSG00000137462,NM_003264,1
ENSG00000137491,NM_007256,1
ENSG00000137601,NM_001199397,1
ENSG00000137693,NM_001130145,1
ENSG00000137713,NM_002716,1
ENSG00000137713,NM_181699,2
ENSG00000137764,NM_145160,1
ENSG00000137764,NM_001206804,2
ENSG00000137834,NM_005585,1
ENSG00000137841,NM_004573,1
ENSG00000137841,NM_001284299,2
ENSG00000137843,NM_001128628,1
ENSG00000137936,NM_001261408,1
ENSG00000137936,NM_001261410,2
ENSG00000137948,NM_001242806,1
ENSG00000138039,NM_000233,1
ENSG00000138081,NM_001190274,1
ENSG00000138109,NM_000771,1
ENSG00000138115,NM_000770,1
ENSG00000138115,ENST00000527420,2
ENSG00000138336,NM_030625,1
ENSG00000138376,NM_000465,1
ENSG00000138378,NM_003151,1
ENSG00000138386,NM_005966,1
ENSG00000138395,NM_001261435,1
ENSG00000138395,NM_001261436,2
ENSG00000138413,NM_005896,1
ENSG00000138592,NM_005154,1
ENSG00000138675,NM_004464,1
ENSG00000138685,NM_002006,1
ENSG00000138696,NM_001256793,1
ENSG00000138698,NM_001100426,1
ENSG00000138738,NM_018699,1
ENSG00000138778,NM_001813,1
ENSG00000138785,NM_020395,1
ENSG00000138795,NM_016269,1
ENSG00000138795,NM_001130714,2
ENSG00000138795,NM_001166119,3
ENSG00000138798,NM_001963,1
ENSG00000139083,NM_001987,1
ENSG00000139144,NM_004570,1
ENSG00000139144,NM_001288774,2
ENSG00000139292,NM_003667,1
ENSG00000139304,NM_001145026,1
ENSG00000139352,NM_004316,1
ENSG00000139549,NM_021044,1
ENSG00000139567,NM_000020,1
ENSG00000139618,NM_000059,1
ENSG00000139625,NM_001193511,1
ENSG00000139687,NM_000321,1
ENSG00000139718,NM_001353345,1
ENSG00000139734,NM_001042517,1
ENSG00000139842,NM_001008895,1
ENSG00000139842,NM_001354944,2
ENSG00000139865,NM_001310135,1
ENSG00000139874,NM_001049,1
ENSG00000140009,NM_001437,1
ENSG00000140009,NM_001040275,2
ENSG00000140009,NM_001214902,3
ENSG00000140262,NM_207036,1
ENSG00000140262,ENST00000559710,2
ENSG00000140262,NM_001322156,3
ENSG00000140262,NM_001322164,4
ENSG00000140285,NM_002009,1
ENSG00000140379,NM_001114735,1
ENSG00000140379,NM_004049,2
ENSG00000140396,NM_006540,1
ENSG00000140416,NM_000366,1
ENSG00000140416,NM_001018007,2
ENSG00000140416,NM_001018008,3
ENSG00000140416,NM_001018005,4
ENSG00000140443,NM_000875,1
ENSG00000140464,NM_033238,1
ENSG00000140464,NM_002675,2
ENSG00000140464,NM_033240,3
ENSG00000140464,NM_033244,4
ENSG00000140464,NM_033247,5
ENSG00000140464,NM_033250,6
ENSG00000140505,NM_000761,1
ENSG00000140525,NM_001113378,1
ENSG00000140538,NM_001012338,1
ENSG00000140538,NM_001007156,2
ENSG00000140538,NM_001320135,3
ENSG00000140575,NM_003870,1
ENSG00000140577,NM_022769,1
ENSG00000140836,NM_006885,1
ENSG00000140937,NM_001797,1
ENSG00000140937,NM_001308392,2
ENSG00000140968,NM_002163,1
ENSG00000140968,NM_001363907,2
ENSG00000140992,NM_002613,1
ENSG00000141027,NM_006311,1
ENSG00000141027,ENST00000436068,2
ENSG00000141027,ENST00000436828,3
ENSG00000141030,NM_003653,1
ENSG00000141034,NM_024052,1
ENSG00000141349,NM_138387,1
ENSG00000141380,NM_001007559,1
ENSG00000141431,NM_030632,1
ENSG00000141446,NM_052911,1
ENSG00000141448,NM_005257,1
ENSG00000141503,NM_153827,1
ENSG00000141503,NM_170663,2
ENSG00000141510,NM_000546,1
ENSG00000141510,NM_001126116,2
ENSG00000141524,NM_001127198,1
ENSG00000141551,NM_001893,1
ENSG00000141551,NM_139062,2
ENSG00000141564,NM_020761,1
ENSG00000141570,NM_020649,1
ENSG00000141579,NM_024702,1
ENSG00000141582,NM_003655,1
ENSG00000141639,NM_002747,1
ENSG00000141644,NM_015846,1
ENSG00000141644,NM_001323947,2
ENSG00000141644,NM_001204142,3
ENSG00000141646,NM_005359,1
ENSG00000141682,NM_021127,1
ENSG00000141736,NM_001005862,1
ENSG00000141736,NM_001289936,2
ENSG00000141736,NM_004448,3
ENSG00000141738,NM_005310,1
ENSG00000141738,NM_001242442,2
ENSG00000141756,NM_021939,1
ENSG00000141867,NM_058243,1
ENSG00000141867,NM_001330384,2
ENSG00000141867,NM_014299,3
ENSG00000141905,NM_001245002,1
ENSG00000141905,NM_205843,2
ENSG00000141956,NM_022115,1
ENSG00000141956,NM_001282934,2
ENSG00000141968,NM_005428,1
ENSG00000141985,NM_003025,1
ENSG00000142182,NM_175867,1
ENSG00000142208,NM_005163,1
ENSG00000142235,NM_001080434,1
ENSG00000142273,NM_012116,1
ENSG00000142319,NM_001044,1
ENSG00000142453,NM_199141,1
ENSG00000142494,NM_018242,1
ENSG00000142611,NM_022114,1
ENSG00000142627,NM_004431,1
ENSG00000142675,NM_006314,1
ENSG00000142677,NM_021258,1
ENSG00000142731,NM_014264,1
ENSG00000142733,NM_004672,1
ENSG00000142867,NM_003921,1
ENSG00000142871,NM_001554,1
ENSG00000142875,NM_002731,1
ENSG00000142875,NM_001242857,2
ENSG00000142875,NM_001242861,3
ENSG00000142875,NM_001300915,4
ENSG00000142875,NM_182948,5
ENSG00000142949,NM_002840,1
ENSG00000142949,NM_001329138,2
ENSG00000143252,NM_003001,1
ENSG00000143294,NM_005973,1
ENSG00000143321,NM_004494,1
ENSG00000143321,NM_001126051,2
ENSG00000143322,NM_007314,1
ENSG00000143322,NM_001136001,2
ENSG00000143322,NM_005158,3
ENSG00000143379,NM_001145415,1
ENSG00000143379,NM_001243491,2
ENSG00000143384,NM_021960,1
ENSG00000143384,NM_182763,2
ENSG00000143437,NM_001668,1
ENSG00000143499,NM_020197,1
ENSG00000143575,NM_006118,1
ENSG00000143578,NM_130898,1
ENSG00000143622,NM_001256821,1
ENSG00000143674,NM_032435,1
ENSG00000143772,NM_002221,1
ENSG00000143799,NM_001618,1
ENSG00000143801,NM_000447,1
ENSG00000143816,NM_003395,1
ENSG00000143878,NM_004040,1
ENSG00000143924,NM_019063,1
ENSG00000143970,NM_018263,1
ENSG00000144218,NM_002285,1
ENSG00000144218,NM_001025108,2
ENSG00000144228,NM_001001664,1
ENSG00000144535,NM_152383,1
ENSG00000144554,NM_033084,1
ENSG00000144560,NM_001128219,1
ENSG00000144560,NM_001284390,2
ENSG00000144560,NM_014667,3
ENSG00000144724,NM_002841,1
ENSG00000144802,NM_001005474,1
ENSG00000144802,NM_031419,2
ENSG00000144893,NM_053002,1
ENSG00000145012,NM_005578,1
ENSG00000145147,NM_004787,1
ENSG00000145242,NM_004439,1
ENSG00000145391,NM_030648,1
ENSG00000145416,NM_001166373,1
ENSG00000145431,NM_016205,1
ENSG00000145604,NM_005983,1
ENSG00000145604,NM_032637,2
ENSG00000145623,NM_003999,1
ENSG00000145632,NM_006622,1
ENSG00000145675,NM_181523,1
ENSG00000145675,NM_181504,2
ENSG00000145675,NM_181524,3
ENSG00000145703,NM_006633,1
ENSG00000145715,NM_002890,1
ENSG00000145819,NM_015071,1
ENSG00000145912,NM_017838,1
ENSG00000145934,NM_001122679,1
ENSG00000145934,NM_001080428,2
ENSG00000145934,NM_001368146,3
ENSG00000146232,NM_004556,1
ENSG00000146247,NM_017934,1
ENSG00000146278,NM_006813,1
ENSG00000146374,NM_032784,1
ENSG00000146477,NM_021977,1
ENSG00000146648,NM_005228,1
ENSG00000146648,NM_201284,2
ENSG00000146872,NM_001284333,1
ENSG00000146904,NM_005232,1
ENSG00000147050,NM_021140,1
ENSG00000147082,NM_033031,1
ENSG00000147099,NM_018486,1
ENSG00000147099,NM_001166419,2
ENSG00000147099,NM_001166422,3
ENSG00000147130,NM_201599,1
ENSG00000147133,NM_001286074,1
ENSG00000147140,NM_001145408,1
ENSG00000147168,NM_000206,1
ENSG00000147202,NM_007309,1
ENSG00000147202,NM_006729,2
ENSG00000147224,NM_002764,1
ENSG00000147257,NM_001164617,1
ENSG00000147316,NM_024596,1
ENSG00000147403,NM_001256577,1
ENSG00000147403,NM_006013,2
ENSG00000147416,NM_001693,1
ENSG00000147548,NM_023034,1
ENSG00000147548,NM_017778,2
ENSG00000147596,NM_024504,1
ENSG00000147601,NM_017489,1
ENSG00000147649,NM_178812,1
ENSG00000147655,NM_178565,1
ENSG00000147854,NM_152896,1
ENSG00000147862,ENST00000397575,1
ENSG00000147862,ENST00000606230,2
ENSG00000147862,ENST00000636057,3
ENSG00000147862,NM_001190738,4
ENSG00000147883,NM_004936,1
ENSG00000147883,NM_078487,2
ENSG00000147889,NM_000077,1
ENSG00000147889,NM_001195132,2
ENSG00000147889,NM_058195,3
ENSG00000147905,NM_032226,1
ENSG00000148053,NM_006180,1
ENSG00000148053,NM_001007097,2
ENSG00000148082,NM_016848,1
ENSG00000148400,NM_017617,1
ENSG00000148737,NM_001146274,1
ENSG00000148737,NM_001198527,2
ENSG00000148737,NM_001146283,3
ENSG00000148795,NM_000102,1
ENSG00000149177,NM_002843,1
ENSG00000149269,NM_001128620,1
ENSG00000149295,NM_000795,1
ENSG00000149311,NM_000051,1
ENSG00000149554,NM_001114122,1
ENSG00000149782,NM_000932,1
ENSG00000149930,NM_016151,1
ENSG00000149930,NM_004783,2
ENSG00000149948,NM_003483,1
ENSG00000149948,NM_001330190,2
ENSG00000149948,NM_003484,3
ENSG00000150347,NM_032199,1
ENSG00000150347,NM_001244638,2
ENSG00000150401,NM_001014283,1
ENSG00000150457,NM_014572,1
ENSG00000150471,NM_015236,1
ENSG00000150471,NM_001322246,2
ENSG00000150471,NM_001322402,3
ENSG00000150630,NM_005429,1
ENSG00000150722,NM_001080545,1
ENSG00000150722,NM_001261424,2
ENSG00000150907,NM_002015,1
ENSG00000151338,NM_001195296,1
ENSG00000151338,NM_001195297,2
ENSG00000151348,NM_000401,1
ENSG00000151348,NM_001178083,2
ENSG00000151414,NM_133494,1
ENSG00000151422,NM_005246,1
ENSG00000151623,NM_000901,1
ENSG00000151694,NM_003183,1
ENSG00000151702,NM_002017,1
ENSG00000151748,NM_021818,1
ENSG00000152104,NM_005401,1
ENSG00000152207,NM_001308465,1
ENSG00000152217,NM_015559,1
ENSG00000152217,NM_001130110,2
ENSG00000152256,NM_002610,1
ENSG00000152256,NM_001278549,2
ENSG00000152284,NM_031283,1
ENSG00000152402,NM_001256424,1
ENSG00000152455,NM_001193424,1
ENSG00000152518,NM_006887,1
ENSG00000152784,NM_020226,1
ENSG00000152894,NM_001135648,1
ENSG00000152894,NM_001291983,2
ENSG00000153094,NM_138621,1
ENSG00000153094,NM_001204113,2
ENSG00000153094,NM_001204107,3
ENSG00000153094,NM_001204110,4
ENSG00000153094,NM_138622,5
ENSG00000153094,NM_207002,6
ENSG00000153147,NM_003601,1
ENSG00000153208,NM_006343,1
ENSG00000153233,NM_002849,1
ENSG00000153233,NM_001207015,2
ENSG00000153233,NM_001207016,3
ENSG00000153233,NM_130846,4
ENSG00000153234,NM_006186,1
ENSG00000153487,NM_198219,1
ENSG00000153487,NM_005537,2
ENSG00000153707,NM_002839,1
ENSG00000153814,NM_175061,1
ENSG00000153879,NM_001806,1
ENSG00000153922,NM_001270,1
ENSG00000153944,NM_138962,1
ENSG00000153944,NM_170721,2
ENSG00000154342,NM_033131,1
ENSG00000154473,NM_004725,1
ENSG00000154582,NM_001204858,1
ENSG00000154640,NM_001130914,1
ENSG00000154727,NM_002040,1
ENSG00000154764,NM_004625,1
ENSG00000154767,NM_004628,1
ENSG00000154767,NM_001354727,2
ENSG00000154803,NM_144997,1
ENSG00000154803,NM_001353229,2
ENSG00000154803,NM_144606,3
ENSG00000154928,NM_004441,1
ENSG00000155111,NM_015076,1
ENSG00000155542,NM_153706,1
ENSG00000155666,NM_001145348,1
ENSG00000155903,NM_001303246,1
ENSG00000155966,NM_002025,1
ENSG00000156006,NM_000015,1
ENSG00000156052,NM_002072,1
ENSG00000156076,NM_007191,1
ENSG00000156273,NM_206866,1
ENSG00000156345,NM_178432,1
ENSG00000156345,NM_001039803,2
ENSG00000156427,NM_003862,1
ENSG00000156475,NM_181675,1
ENSG00000156475,NM_001271899,2
ENSG00000156475,NM_181674,3
ENSG00000156475,NM_181677,4
ENSG00000156475,NM_181678,5
ENSG00000156531,NM_001015877,1
ENSG00000156531,NM_032335,2
ENSG00000156650,NM_012330,1
ENSG00000156711,NM_002754,1
ENSG00000156735,NM_004874,1
ENSG00000156802,NM_014109,1
ENSG00000156970,NM_001211,1
ENSG00000156983,NM_001003694,1
ENSG00000157168,NM_013956,1
ENSG00000157168,NM_013960,2
ENSG00000157168,NM_013962,3
ENSG00000157168,NM_001159996,4
ENSG00000157168,NM_001160007,5
ENSG00000157168,NM_001160008,6
ENSG00000157168,NM_013959,7
ENSG00000157212,NM_007349,1
ENSG00000157388,NM_000720,1
ENSG00000157388,NM_001128840,2
ENSG00000157404,NM_000222,1
ENSG00000157554,NM_001136154,1
ENSG00000157554,NM_182918,2
ENSG00000157557,NM_001256295,1
ENSG00000157613,NM_052854,1
ENSG00000157764,NM_004333,1
ENSG00000157873,NM_003820,1
ENSG00000157933,NM_003036,1
ENSG00000158008,NM_004455,1
ENSG00000158092,NM_006153,1
ENSG00000158092,NM_001190796,2
ENSG00000158169,NM_000136,1
ENSG00000158169,NM_001243744,2
ENSG00000158290,NM_003588,1
ENSG00000158290,NM_001079872,2
ENSG00000158402,NM_001287583,1
ENSG00000158458,NM_013982,1
ENSG00000158458,NM_013983,2
ENSG00000158473,NM_001766,1
ENSG00000158636,NM_020193,1
ENSG00000158636,NM_001300942,2
ENSG00000158711,NM_001973,1
ENSG00000158711,NM_021795,2
ENSG00000158815,NM_003867,1
ENSG00000158955,NM_003396,1
ENSG00000159184,NM_006361,1
ENSG00000159216,NM_001754,1
ENSG00000159216,NM_001122607,2
ENSG00000159251,NM_005159,1
ENSG00000159388,NM_006763,1
ENSG00000159640,NM_000789,1
ENSG00000159640,NM_152830,2
ENSG00000160007,NM_004491,1
ENSG00000160179,NM_207627,1
ENSG00000160179,NM_016818,2
ENSG00000160179,NM_207174,3
ENSG00000160179,NM_004915,4
ENSG00000160201,NM_006758,1
ENSG00000160201,NM_001025203,2
ENSG00000160211,NM_000402,1
ENSG00000160223,NM_015259,1
ENSG00000160293,NM_001134398,1
ENSG00000160310,NM_206962,1
ENSG00000160310,NM_001242865,2
ENSG00000160551,NM_020791,1
ENSG00000160602,NM_178170,1
ENSG00000160685,NM_001252406,1
ENSG00000160691,NM_001130040,1
ENSG00000160712,NM_000565,1
ENSG00000160741,NM_181715,1
ENSG00000160789,NM_170707,1
ENSG00000160789,ENST00000473598,2
ENSG00000160789,NM_001257374,3
ENSG00000160789,NM_001282624,4
ENSG00000160808,NM_000258,1
ENSG00000160867,NM_002011,1
ENSG00000160868,NM_017460,1
ENSG00000160957,NM_004260,1
ENSG00000161021,NM_014757,1
ENSG00000161202,NM_004423,1
ENSG00000161405,NM_012481,1
ENSG00000161547,NM_003016,1
ENSG00000161958,NM_004112,1
ENSG00000161999,NM_001005920,1
ENSG00000162009,NM_001172560,1
ENSG00000162337,NM_002335,1
ENSG00000162337,NM_001291902,2
ENSG00000162344,NM_005117,1
ENSG00000162367,NM_003189,1
ENSG00000162368,NM_016308,1
ENSG00000162434,NM_002227,1
ENSG00000162552,NM_030761,1
ENSG00000162594,NM_144701,1
ENSG00000162595,NM_004675,1
ENSG00000162599,NM_001134673,1
ENSG00000162599,NM_001145511,2
ENSG00000162599,NM_001145512,3
ENSG00000162613,NM_003902,1
ENSG00000162613,NM_001303433,2
ENSG00000162676,NM_001127216,1
ENSG00000162733,NM_001014796,1
ENSG00000162736,NM_015331,1
ENSG00000162775,NM_022768,1
ENSG00000162775,NM_001201545,2
ENSG00000162924,NM_002908,1
ENSG00000163029,NM_001142286,1
ENSG00000163041,NM_002107,1
ENSG00000163092,NM_152381,1
ENSG00000163092,NM_001199143,2
ENSG00000163098,NR_159880,1
ENSG00000163104,NM_001128429,1
ENSG00000163131,NM_004079,1
ENSG00000163161,NM_000122,1
ENSG00000163235,NM_003236,1
ENSG00000163322,NM_139076,1
ENSG00000163399,NM_001160233,1
ENSG00000163399,NM_000701,2
ENSG00000163406,NM_021082,1
ENSG00000163435,NM_001114309,1
ENSG00000163482,NM_015690,1
ENSG00000163491,NM_199347,1
ENSG00000163497,NM_017521,1
ENSG00000163501,NM_002181,1
ENSG00000163513,NM_001024847,1
ENSG00000163517,NM_024827,1
ENSG00000163535,NM_001160046,1
ENSG00000163535,NM_152524,2
ENSG00000163558,NM_002740,1
ENSG00000163599,NM_005214,1
ENSG00000163600,NM_012092,1
ENSG00000163629,NM_080685,1
ENSG00000163660,NM_020307,1
ENSG00000163702,NM_153460,1
ENSG00000163702,NM_153461,2
ENSG00000163785,NM_001005861,1
ENSG00000163874,NM_025079,1
ENSG00000163902,NM_002950,1
ENSG00000163930,NM_004656,1
ENSG00000163939,NM_018313,1
ENSG00000163939,NM_001366071,2
ENSG00000163939,NM_001366075,3
ENSG00000164045,NM_001789,1
ENSG00000164078,NM_002447,1
ENSG00000164109,NM_002358,1
ENSG00000164117,NM_012180,1
ENSG00000164190,NM_015384,1
ENSG00000164190,NM_133433,2
ENSG00000164256,NM_020227,1
ENSG00000164327,NM_152756,1
ENSG00000164330,NM_024007,1
ENSG00000164330,NM_001324101,2
ENSG00000164330,NM_001364157,3
ENSG00000164362,NM_198253,1
ENSG00000164379,NM_033260,1
ENSG00000164398,NM_015256,1
ENSG00000164398,NM_001009185,2
ENSG00000164399,NM_000588,1
ENSG00000164438,NM_021025,1
ENSG00000164458,NM_003181,1
ENSG00000164485,NM_052962,1
ENSG00000164611,NM_001282382,1
ENSG00000164683,NM_001040708,1
ENSG00000164684,NM_001033723,1
ENSG00000164690,NM_000193,1
ENSG00000164690,NM_001310462,2
ENSG00000164715,NM_014916,1
ENSG00000164736,NM_022454,1
ENSG00000164754,NM_006265,1
ENSG00000164885,NM_004935,1
ENSG00000164924,NM_145690,1
ENSG00000164985,NM_033222,1
ENSG00000164985,NM_021144,2
ENSG00000165025,NM_003177,1
ENSG00000165029,NM_005502,1
ENSG00000165097,NM_153042,1
ENSG00000165197,NM_004469,1
ENSG00000165238,NM_001282394,1
ENSG00000165238,NM_006648,2
ENSG00000165288,NM_153252,1
ENSG00000165323,NM_001008781,1
ENSG00000165392,NM_000553,1
ENSG00000165409,NM_000369,1
ENSG00000165462,NM_005169,1
ENSG00000165556,NM_001265,1
ENSG00000165584,NM_021014,1
ENSG00000165671,NM_022455,1
ENSG00000165699,NM_000368,1
ENSG00000165702,NM_004188,1
ENSG00000165731,NM_020975,1
ENSG00000165841,NM_000769,1
ENSG00000165891,NM_203394,1
ENSG00000166068,NM_152594,1
ENSG00000166130,NM_153687,1
ENSG00000166135,NM_017902,1
ENSG00000166147,NM_000138,1
ENSG00000166164,NM_001173984,1
ENSG00000166167,NM_033637,1
ENSG00000166211,NM_152323,1
ENSG00000166225,NM_006654,1
ENSG00000166407,NM_002315,1
ENSG00000166436,NM_014818,1
ENSG00000166484,NM_002749,1
ENSG00000166503,NM_016073,1
ENSG00000166710,NM_004048,1
ENSG00000166851,NM_005030,1
ENSG00000166886,NM_005967,1
ENSG00000166888,NM_001178078,1
ENSG00000166913,NM_003404,1
ENSG00000166923,NM_013372,1
ENSG00000166949,NM_005902,1
ENSG00000166949,NM_001145103,2
ENSG00000167034,NM_006167,1
ENSG00000167074,NM_003216,1
ENSG00000167074,NM_001145398,2
ENSG00000167081,NM_006195,1
ENSG00000167085,NM_002634,1
ENSG00000167157,NM_016307,1
ENSG00000167193,NM_016823,1
ENSG00000167207,NM_022162,1
ENSG00000167207,NM_001293557,2
ENSG00000167244,NM_001127598,1
ENSG00000167258,NM_016507,1
ENSG00000167325,NM_001033,1
ENSG00000167394,NM_001172669,1
ENSG00000167397,NM_024006,1
ENSG00000167397,NM_001311311,2
ENSG00000167548,NM_003482,1
ENSG00000167601,NM_021913,1
ENSG00000167604,NM_139239,1
ENSG00000167685,NM_018337,1
ENSG00000167895,NM_152468,1
ENSG00000167965,NM_022372,1
ENSG00000167985,NM_017841,1
ENSG00000168036,NM_001904,1
ENSG00000168040,NM_003824,1
ENSG00000168066,NM_004630,1
ENSG00000168066,NM_001178030,2
ENSG00000168066,NM_201997,3
ENSG00000168067,NM_004579,1
ENSG00000168137,NM_001080517,1
ENSG00000168137,NM_001292043,2
ENSG00000168214,NM_005349,1
ENSG00000168214,NM_203284,2
ENSG00000168283,NM_005180,1
ENSG00000168298,NM_005321,1
ENSG00000168394,NM_000593,1
ENSG00000168421,NM_004310,1
ENSG00000168453,NM_005144,1
ENSG00000168496,NM_004111,1
ENSG00000168610,NM_139276,1
ENSG00000168621,NM_001190468,1
ENSG00000168646,NM_004655,1
ENSG00000168685,NM_002185,1
ENSG00000168702,NM_018557,1
ENSG00000168769,NM_001127208,1
ENSG00000168795,NM_014872,1
ENSG00000168939,NM_005840,1
ENSG00000169016,NM_198256,1
ENSG00000169032,NM_002755,1
ENSG00000169047,NM_005544,1
ENSG00000169071,NM_004560,1
ENSG00000169083,NM_000044,1
ENSG00000169083,NM_001011645,2
ENSG00000169083,NM_001348061,3
ENSG00000169083,NM_001348063,4
ENSG00000169087,NM_024610,1
ENSG00000169174,NM_174936,1
ENSG00000169184,NM_002430,1
ENSG00000169249,NM_005089,1
ENSG00000169252,NM_000024,1
ENSG00000169297,NM_000475,1
ENSG00000169375,NM_015477,1
ENSG00000169398,NM_005607,1
ENSG00000169398,NM_001352712,2
ENSG00000169398,NM_001199649,3
ENSG00000169398,NM_001352705,4
ENSG00000169418,NM_000906,1
ENSG00000169554,NM_014795,1
ENSG00000169564,NM_006196,1
ENSG00000169679,NM_004336,1
ENSG00000169696,NM_001251888,1
ENSG00000169752,NM_138573,1
ENSG00000169884,NM_003394,1
ENSG00000169925,NM_007371,1
ENSG00000169967,NM_006609,1
ENSG00000170004,NM_001005271,1
ENSG00000170004,NM_001005273,2
ENSG00000170144,NM_194247,1
ENSG00000170162,NM_182645,1
ENSG00000170166,NM_014621,1
ENSG00000170312,NM_001786,1
ENSG00000170325,NM_020228,1
ENSG00000170345,NM_005252,1
ENSG00000170364,NM_006515,1
ENSG00000170364,NM_001276325,2
ENSG00000170365,NM_005900,1
ENSG00000170430,NM_002412,1
ENSG00000170558,NM_001792,1
ENSG00000170558,NM_001308176,2
ENSG00000170581,NM_005419,1
ENSG00000170608,NM_004497,1
ENSG00000170791,NM_001011668,1
ENSG00000170820,NM_000145,1
ENSG00000170836,NM_003620,1
ENSG00000170876,NM_024334,1
ENSG00000170927,NM_138694,1
ENSG00000170927,NM_170724,2
ENSG00000170962,NM_025208,1
ENSG00000171094,NM_004304,1
ENSG00000171105,NM_000208,1
ENSG00000171119,NM_004558,1
ENSG00000171223,NM_002229,1
ENSG00000171316,NM_017780,1
ENSG00000171320,NM_001017420,1
ENSG00000171456,NM_015338,1
ENSG00000171456,NM_001164603,2
ENSG00000171552,NM_138578,1
ENSG00000171608,NM_005026,1
ENSG00000171634,NM_004459,1
ENSG00000171634,ENST00000581258,2
ENSG00000171634,NM_182641,3
ENSG00000171720,NM_003883,1
ENSG00000171735,NM_015215,1
ENSG00000171735,NM_001349627,2
ENSG00000171735,NM_001242701,3
ENSG00000171735,NM_001349613,4
ENSG00000171735,NM_001349616,5
ENSG00000171791,NM_000633,1
ENSG00000171843,NM_004529,1
ENSG00000171843,NM_001286691,2
ENSG00000171862,NM_000314,1
ENSG00000171940,NM_006526,1
ENSG00000171988,NM_032776,1
ENSG00000172175,NM_006785,1
ENSG00000172201,NM_001546,1
ENSG00000172216,NM_005194,1
ENSG00000172379,NM_014862,1
ENSG00000172493,NM_001166693,1
ENSG00000172493,NM_005935,2
ENSG00000172578,NM_130446,1
ENSG00000172680,NM_005372,1
ENSG00000172819,NM_000966,1
ENSG00000172819,NM_001243732,2
ENSG00000172831,NM_003869,1
ENSG00000172845,NM_003111,1
ENSG00000172936,NM_001172567,1
ENSG00000172943,NM_001184896,1
ENSG00000172943,NM_001184897,2
ENSG00000172977,NM_182710,1
ENSG00000173039,NM_021975,1
ENSG00000173120,NM_012308,1
ENSG00000173120,NM_001256405,2
ENSG00000173153,NM_004451,1
ENSG00000173157,NM_025003,1
ENSG00000173207,NM_001826,1
ENSG00000173273,NM_003747,1
ENSG00000173327,NM_002419,1
ENSG00000173334,NM_025195,1
ENSG00000173473,NM_003074,1
ENSG00000173482,NM_001105244,1
ENSG00000173511,NM_003377,1
ENSG00000173511,NM_001243733,2
ENSG00000173531,NM_020998,1
ENSG00000173542,NM_173468,1
ENSG00000173542,NM_001244766,2
ENSG00000173575,NM_001271,1
ENSG00000173575,ENST00000626782,2
ENSG00000173638,NM_194255,1
ENSG00000173638,NM_001205207,2
ENSG00000173638,NM_001352511,3
ENSG00000173674,NM_001412,1
ENSG00000173757,NM_012448,1
ENSG00000173801,NM_002230,1
ENSG00000173821,NM_001256071,1
ENSG00000173846,NM_004073,1
ENSG00000173894,NM_005189,1
ENSG00000173894,NM_032647,2
ENSG00000174123,NM_030956,1
ENSG00000174125,NM_003263,1
ENSG00000174130,NM_006068,1
ENSG00000174197,NM_001164273,1
ENSG00000174292,NM_001251902,1
ENSG00000174332,NM_147193,1
ENSG00000174332,NM_001367484,2
ENSG00000174564,NM_144717,1
ENSG00000174775,NM_005343,1
ENSG00000174775,NM_176795,2
ENSG00000174808,NM_001729,1
ENSG00000175003,NM_003057,1
ENSG00000175054,NM_001184,1
ENSG00000175104,NM_145803,1
ENSG00000175161,NM_001167674,1
ENSG00000175161,NM_001167675,2
ENSG00000175197,NM_001195053,1
ENSG00000175197,NM_001195056,2
ENSG00000175305,NM_057749,1
ENSG00000175324,NM_014462,1
ENSG00000175354,NM_001207013,1
ENSG00000175354,NM_002828,2
ENSG00000175387,NM_001003652,1
ENSG00000175470,NM_018461,1
ENSG00000175592,NM_005438,1
ENSG00000175595,NM_005236,1
ENSG00000175634,NM_003952,1
ENSG00000175792,NM_003707,1
ENSG00000175832,NM_001986,1
ENSG00000176009,NM_020646,1
ENSG00000176105,NM_005433,1
ENSG00000176165,NM_005249,1
ENSG00000176302,NM_181721,1
ENSG00000176387,NM_000196,1
ENSG00000176601,NM_025052,1
ENSG00000176678,NM_005250,1
ENSG00000176697,NM_001143810,1
ENSG00000176697,NM_170735,2
ENSG00000176890,NM_001071,1
ENSG00000177084,NM_006231,1
ENSG00000177200,NM_025134,1
ENSG00000177200,NM_001352157,2
ENSG00000177409,NM_152703,1
ENSG00000177455,NM_001178098,1
ENSG00000177485,NM_001184742,1
ENSG00000177565,NM_024665,1
ENSG00000177606,NM_002228,1
ENSG00000177663,NM_014339,1
ENSG00000177885,NM_002086,1
ENSG00000178053,NM_001195432,1
ENSG00000178053,NM_022443,2
ENSG00000178199,NM_207360,1
ENSG00000178295,NM_182625,1
ENSG00000178394,NM_000524,1
ENSG00000178562,NM_006139,1
ENSG00000178568,NM_005235,1
ENSG00000178573,NM_005360,1
ENSG00000178691,NM_015355,1
ENSG00000178999,NM_004217,1
ENSG00000179218,NM_004343,1
ENSG00000179222,NM_001005333,1
ENSG00000179295,NM_002834,1
ENSG00000179344,NM_001243961,1
ENSG00000179348,NM_001145661,1
ENSG00000179399,NM_004466,1
ENSG00000179477,NM_001139,1
ENSG00000179583,NM_000246,1
ENSG00000179603,NM_000845,1
ENSG00000179750,NM_004900,1
ENSG00000179776,NM_001795,1
ENSG00000180053,NM_001136271,1
ENSG00000180370,NM_002577,1
ENSG00000180530,NM_003489,1
ENSG00000180616,NM_001050,1
ENSG00000180638,NM_152908,1
ENSG00000180638,NM_001256663,2
ENSG00000180644,NM_001083116,1
ENSG00000180815,NM_001001671,1
ENSG00000180818,NM_017409,1
ENSG00000181019,NM_000903,1
ENSG00000181085,NM_139021,1
ENSG00000181090,NM_024757,1
ENSG00000181090,NM_001145527,2
ENSG00000181163,NM_002520,1
ENSG00000181163,NM_001037738,2
ENSG00000181409,NM_001080395,1
ENSG00000181449,NM_003106,1
ENSG00000181544,NM_001018113,1
ENSG00000181555,NM_014159,1
ENSG00000181690,NM_002655,1
ENSG00000181722,NM_001164342,1
ENSG00000182054,NM_002168,1
ENSG00000182117,NM_018648,1
ENSG00000182158,NM_194071,1
ENSG00000182158,NM_001253775,2
ENSG00000182185,NM_133509,1
ENSG00000182185,NM_001321810,2
ENSG00000182185,NM_001321814,3
ENSG00000182185,NM_001321819,4
ENSG00000182185,NM_001321821,5
ENSG00000182185,NM_002877,6
ENSG00000182185,NM_133510,7
ENSG00000182197,NM_000127,1
ENSG00000182220,NM_005765,1
ENSG00000182511,NM_002005,1
ENSG00000182578,NM_005211,1
ENSG00000182580,NM_004443,1
ENSG00000182585,NM_001270989,1
ENSG00000182621,NM_015192,1
ENSG00000182621,NM_182734,2
ENSG00000182866,NM_001042771,1
ENSG00000182872,NM_005676,1
ENSG00000182944,NM_013986,1
ENSG00000182944,NM_001163287,2
ENSG00000182968,NM_005986,1
ENSG00000183072,NM_001166176,1
ENSG00000183072,NM_004387,2
ENSG00000183161,NM_022725,1
ENSG00000183230,NM_013266,1
ENSG00000183258,NM_016222,1
ENSG00000183337,NM_017745,1
ENSG00000183421,NM_020639,1
ENSG00000183454,NM_001134407,1
ENSG00000183508,NM_017709,1
ENSG00000183576,NM_032233,1
ENSG00000183576,NM_199123,2
ENSG00000183579,NM_001206998,1
ENSG00000183734,NM_005170,1
ENSG00000183741,NM_014292,1
ENSG00000183765,NM_007194,1
ENSG00000183765,NM_001005735,2
ENSG00000183770,NM_023067,1
ENSG00000183779,NM_025069,1
ENSG00000183856,NM_178229,1
ENSG00000183873,NM_198056,1
ENSG00000183873,NM_001099404,2
ENSG00000183878,NM_001258249,1
ENSG00000183918,NM_002351,1
ENSG00000183955,NM_020382,1
ENSG00000184012,NM_001135099,1
ENSG00000184216,NM_001569,1
ENSG00000184271,NM_001330422,1
ENSG00000184304,NM_002742,1
ENSG00000184304,NM_001330069,2
ENSG00000184357,NM_005322,1
ENSG00000184371,NM_000757,1
ENSG00000184384,NM_032427,1
ENSG00000184402,NM_198935,1
ENSG00000184481,NM_005938,1
ENSG00000184634,NM_005120,1
ENSG00000184675,NM_152424,1
ENSG00000184845,NM_000794,1
ENSG00000184895,NM_003140,1
ENSG00000184937,NM_024426,1
ENSG00000184937,NM_001198551,2
ENSG00000185008,NM_002942,1
ENSG00000185008,NM_001290039,2
ENSG00000185238,NM_005788,1
ENSG00000185291,NM_002183,1
ENSG00000185324,NM_052988,1
ENSG00000185324,NM_052987,2
ENSG00000185338,NM_003745,1
ENSG00000185345,NM_004562,1
ENSG00000185379,NM_002878,1
ENSG00000185379,NM_001142571,2
ENSG00000185386,NM_002751,1
ENSG00000185404,NM_138402,1
ENSG00000185420,NM_001167740,1
ENSG00000185436,NM_170743,1
ENSG00000185483,NM_005012,1
ENSG00000185630,NM_002585,1
ENSG00000185630,NM_001204963,2
ENSG00000185634,NM_203349,1
ENSG00000185634,ENST00000396535,2
ENSG00000185650,NM_001244701,1
ENSG00000185652,NM_001102654,1
ENSG00000185652,NM_002527,2
ENSG00000185658,NM_033656,1
ENSG00000185658,NM_018963,2
ENSG00000185697,NM_001080416,1
ENSG00000185737,NM_001010848,1
ENSG00000185737,NM_001165973,2
ENSG00000185811,NM_006060,1
ENSG00000185811,NM_001291838,2
ENSG00000185811,NM_001291845,3
ENSG00000185811,NM_001291847,4
ENSG00000185917,NM_017438,1
ENSG00000185920,NM_000264,1
ENSG00000185920,NM_001083602,2
ENSG00000185950,NM_003749,1
ENSG00000186051,NM_005421,1
ENSG00000186104,NM_024514,1
ENSG00000186115,NM_001082,1
ENSG00000186174,NM_182557,1
ENSG00000186260,NM_014048,1
ENSG00000186260,NM_001365417,2
ENSG00000186280,NM_018039,1
ENSG00000186350,NM_002957,1
ENSG00000186532,NM_052928,1
ENSG00000186575,NM_000268,1
ENSG00000186575,NM_016418,2
ENSG00000186716,NM_004327,1
ENSG00000186895,NM_005247,1
ENSG00000186951,NM_005036,1
ENSG00000187079,NM_021961,1
ENSG00000187098,NM_198159,1
ENSG00000187098,NM_000248,2
ENSG00000187098,NM_001184968,3
ENSG00000187098,NM_006722,4
ENSG00000187098,NM_198177,5
ENSG00000187098,NM_198178,6
ENSG00000187266,NM_000121,1
ENSG00000187323,NM_005215,1
ENSG00000187391,NM_012301,1
ENSG00000187554,NM_003268,1
ENSG00000187555,NM_003470,1
ENSG00000187605,NM_001287491,1
ENSG00000187605,NM_001366022,2
ENSG00000187741,NM_000135,1
ENSG00000187790,NM_020937,1
ENSG00000187796,NM_052813,1
ENSG00000187800,NM_001080471,1
ENSG00000187800,NM_001353683,2
ENSG00000187837,NM_005319,1
ENSG00000187855,NM_203436,1
ENSG00000188064,NM_058238,1
ENSG00000188064,ENST00000409496,2
ENSG00000188130,NM_002969,1
ENSG00000188191,NM_002735,1
ENSG00000188257,NM_000300,1
ENSG00000188290,NM_001142467,1
ENSG00000188389,NM_005018,1
ENSG00000188641,NM_000110,1
ENSG00000188766,NM_001042522,1
ENSG00000188766,ENST00000586958,2
ENSG00000188779,NM_001365915,1
ENSG00000188827,NM_032444,1
ENSG00000188906,NM_198578,1
ENSG00000188994,NM_015021,1
ENSG00000189030,NM_001004319,1
ENSG00000189079,NM_152641,1
ENSG00000189079,ENST00000457135,2
ENSG00000189221,NM_000240,1
ENSG00000189283,NM_002012,1
ENSG00000189299,NM_198451,1
ENSG00000196083,NM_002182,1
ENSG00000196083,NM_001167931,2
ENSG00000196090,NM_133170,1
ENSG00000196092,NM_016734,1
ENSG00000196126,NM_002124,1
ENSG00000196159,NM_024582,1
ENSG00000196220,NM_014850,1
ENSG00000196220,NM_001033117,2
ENSG00000196263,NM_020813,1
ENSG00000196367,NM_001244580,1
ENSG00000196411,NM_004444,1
ENSG00000196455,NM_014602,1
ENSG00000196468,NM_003868,1
ENSG00000196498,NM_006312,1
ENSG00000196502,NM_177534,1
ENSG00000196502,NM_177536,2
ENSG00000196584,NM_005431,1
ENSG00000196588,NM_020831,1
ENSG00000196588,NM_001282662,2
ENSG00000196588,NM_001318139,3
ENSG00000196591,NM_001527,1
ENSG00000196628,NM_001243226,1
ENSG00000196628,NM_001243230,2
ENSG00000196628,NM_001243231,3
ENSG00000196628,NM_001243235,4
ENSG00000196628,NM_001243236,5
ENSG00000196632,NM_020922,1
ENSG00000196664,NM_016562,1
ENSG00000196712,NM_001042492,1
ENSG00000196735,NM_002122,1
ENSG00000196782,NM_018717,1
ENSG00000196914,NM_015313,1
ENSG00000197081,NM_000876,1
ENSG00000197122,NM_005417,1
ENSG00000197168,NM_199289,1
ENSG00000197275,NM_012415,1
ENSG00000197275,NM_001205262,2
ENSG00000197299,NM_000057,1
ENSG00000197323,NM_015906,1
ENSG00000197323,ENST00000448034,2
ENSG00000197408,NM_000767,1
ENSG00000197442,NM_005923,1
ENSG00000197461,NM_002607,1
ENSG00000197461,NM_033023,2
ENSG00000197561,NM_001972,1
ENSG00000197646,NM_025239,1
ENSG00000197724,NM_005392,1
ENSG00000197901,NM_004790,1
ENSG00000197905,NM_003213,1
ENSG00000197943,NM_002661,1
ENSG00000197993,NM_000420,1
ENSG00000198182,NM_032689,1
ENSG00000198223,NM_001161530,1
ENSG00000198223,NM_001161531,2
ENSG00000198223,NM_172246,3
ENSG00000198286,NM_032415,1
ENSG00000198300,NM_006210,1
ENSG00000198355,NM_001001852,1
ENSG00000198369,NM_181784,1
ENSG00000198369,NM_001128210,2
ENSG00000198400,NM_002529,1
ENSG00000198400,NM_001007792,2
ENSG00000198561,NM_001085458,1
ENSG00000198586,NM_001136554,1
ENSG00000198586,ENST00000360843,2
ENSG00000198586,NM_001136555,3
ENSG00000198586,NM_012290,4
ENSG00000198604,NM_013448,1
ENSG00000198625,NM_002393,1
ENSG00000198728,NM_001113407,1
ENSG00000198742,NM_020429,1
ENSG00000198793,NM_004958,1
ENSG00000198795,NM_015461,1
ENSG00000198807,NM_006194,1
ENSG00000198822,NM_000840,1
ENSG00000198848,NM_001025195,1
ENSG00000198873,NM_005308,1
ENSG00000198887,NM_015110,1
ENSG00000198890,NM_018137,1
ENSG00000198900,NM_003286,1
ENSG00000198909,NM_203351,1
ENSG00000203734,NM_001077706,1
ENSG00000203857,NM_000862,1
ENSG00000204103,NM_005461,1
ENSG00000204104,NM_015650,1
ENSG00000204116,NM_001039840,1
ENSG00000204209,NM_001141969,1
ENSG00000204209,NM_001141970,2
ENSG00000204256,NM_005104,1
ENSG00000204267,NM_018833,1
ENSG00000204267,NM_001290043,2
ENSG00000204287,NM_019111,1
ENSG00000204301,NM_004557,1
ENSG00000204304,NM_002586,1
ENSG00000204344,NM_032454,1
ENSG00000204370,NM_003002,1
ENSG00000204371,NM_006709,1
ENSG00000204525,NM_002117,1
ENSG00000204531,NM_002701,1
ENSG00000204531,NM_203289,2
ENSG00000204580,NM_013993,1
ENSG00000204983,NM_002769,1
ENSG00000205155,NM_172341,1
ENSG00000205213,NM_018490,1
ENSG00000205413,NM_017654,1
ENSG00000205755,NM_022148,1
ENSG00000205927,NM_005806,1
ENSG00000206503,NM_002116,1
ENSG00000206538,NM_016206,1
ENSG00000212993,NM_001159542,1
ENSG00000213190,NM_006818,1
ENSG00000213231,NM_004918,1
ENSG00000213281,NM_002524,1
ENSG00000213341,NM_001278,1
ENSG00000213923,NM_152221,1
ENSG00000213999,NM_001145785,1
ENSG00000214827,NM_001018025,1
ENSG00000215301,NM_001356,1
ENSG00000221829,NM_004629,1
ENSG00000221869,NM_005195,1
ENSG00000221914,NM_001177591,1
ENSG00000221914,NM_002717,2
ENSG00000223865,NM_002121,1
ENSG00000225950,NM_006179,1
ENSG00000228716,NM_000791,1
ENSG00000231389,NM_001242524,1
ENSG00000231852,NM_000500,1
ENSG00000232237,NM_001270601,1
ENSG00000233608,NM_057179,1
ENSG00000234745,NM_005514,1
ENSG00000239306,NM_006328,1
ENSG00000239382,NM_032878,1
ENSG00000239732,NM_017442,1
ENSG00000241476,NM_003147,1
ENSG00000241635,NM_000463,1
ENSG00000241685,NM_006409,1
ENSG00000243646,NM_000628,1
ENSG00000243789,NM_001114632,1
ENSG00000244405,NM_004454,1
ENSG00000244474,NM_007120,1
ENSG00000245848,NM_004364,1
ENSG00000248483,NM_153216,1
ENSG00000249375,NR_117102,1
ENSG00000249859,NR_003367,1
ENSG00000250506,NM_001258,1
ENSG00000253293,NM_018951,1
ENSG00000253729,NM_006904,1
ENSG00000253831,NM_001004341,1
ENSG00000254087,NM_002350,1
ENSG00000255974,NM_000762,1
ENSG00000257923,NM_001202543,1
ENSG00000257923,NM_001202544,2
ENSG00000257923,NM_181552,3
ENSG00000258839,NM_002386,1
ENSG00000263001,NM_032999,1
ENSG00000263528,NM_014002,1
ENSG00000264343,NM_203458,1
ENSG00000264343,NM_001364006,2
ENSG00000266412,NM_001145261,1
ENSG00000266412,NM_001145260,2
ENSG00000269404,NM_003121,1
ENSG00000270647,NM_139215,1
ENSG00000272333,NM_014727,1
ENSG00000274391,NM_199261,1
ENSG00000275023,NM_005937,1
ENSG00000275410,NM_000458,1
ENSG00000276043,NM_013282,1
ENSG00000276644,NM_080759,1
ENSG00000276644,NM_001366712,2
ENSG00000276966,NM_003545,1
ENSG00000277925,NR_001566,1
ENSG00000278195,NM_001051,1
ENSG00000286522,NM_003537,1
,NM_001291582,
,NM_001370251,
